+DEC	C/ CASTILLO DE MAYA 28, 31004 +DEC
ADAIX	C/ PAULINO CABALLERO 49, 31004 ADAIX
AL ALIMÓN EQUIVALENZA PAMPLONA	C/ GORRITI 22, 31004 AL ALIMÓN EQUIVALENZA PAMPLONA
AMICHI	AVDA. CARLOS III 32, 31003 AMICHI
ANA Y YO	C/ GORRITI 33, 31004 ANA Y YO
AYESTARÁN I	C/ GARCÍA CASTAÑÓN 1, 31002 AYESTARÁN I
AYESTARÁN II	C/ PAULINO CABALLERO 2, 31002 AYESTARÁN II
AYESTARÁN CONFORT	AVDA. BAJA NAVARRA 8, 31003 AYESTARÁN CONFORT
BAR - RESTAURANTE ARGILEKU	C/ OLITE 5, 31002 BAR - RESTAURANTE ARGILEKU
BAR KOISHTA	C/ OLITE 35, 31004 BAR KOISHTA
BARCELÓ VIAJES	C/ OLITE 22, 31004 BARCELÓ VIAJES
BIBA ESPACIO DE MODA I	AVDA. BAYONA 5, 31011 BIBA ESPACIO DE MODA I
BIBA ESPACIO DE MODA II	C/ PAULINO CABALLERO 15, 31002 BIBA ESPACIO DE MODA II
BIJOYA	C/ TUDELA 17, 31003 BIJOYA
C.I.O.	C/ NAVARRO VILLOSLADA 7, 31003 C.I.O.
CACHET	C/ CORTES DE NAVARRA 5, 31002 CACHET
CAFETERÍA - RESTAURANTE VENTA DE URRIZA	C/ PAULINO CABALLERO 12, 31003 CAFETERÍA - RESTAURANTE VENTA DE URRIZA
CAFETERÍA IRATI	C/ TUDELA 10, 31003 CAFETERÍA IRATI
CAFETERÍA MIAMI	AVDA. CARLOS III 13-15 GALERÍA COMERCIAL, 31002 CAFETERÍA MIAMI
CAFETERÍA RUMBOS	AVDA. CARLOS III 38, 31003 CAFETERÍA RUMBOS
CAFETERÍA YANGUAS	C/ YANGUAS Y MIRANDA 21, 31003 CAFETERÍA YANGUAS
CALZADOS TÍVOLI	C/ ESTELLA 4, 31002 CALZADOS TÍVOLI
CAMERA	C/ BERGAMÍN 18, 31003 CAMERA
CAMERA	AVDA. SANCHO EL FUERTE 24, 31007 CAMERA
CAMERA	C/ BENJAMÍN DE TUDELA 8, 31008 CAMERA
CAMERA	C/ ARRIETA 11-BIS, 31002 CAMERA
CASA CAMBRA	C/ TAFALLA 13, 31004 CASA CAMBRA
CASA MANTEROLA I	C/ GONZÁLEZ TABLAS 5, 31004 CASA MANTEROLA I
CASA MANTEROLA II	C/ TUDELA 5, 31002 CASA MANTEROLA II
CASH CONVERTERS	C/ PAULINO CABALLERO 26-28, 31003 CASH CONVERTERS
CENTRO DE MASAJES HERA	C/ AMAYA 36, 31004 CENTRO DE MASAJES HERA
CENTRO NAVARRO DE LA AUDICIÓN	C/ PAULINO CABALLERO 14, 31003 CENTRO NAVARRO DE LA AUDICIÓN
CHAMPAGNE Y FRESAS	C/ PAULINO CABALLERO 32, 31003 CHAMPAGNE Y FRESAS
CHARGUI	C/ PAULINO CABALLERO 24, 31003 CHARGUI
CIENHILOS	C/ NAVARRO VILLOSLADA 2, 31003 CIENHILOS
CLARKS	AVDA. CARLOS III 16, 31002 CLARKS
CLÍNICA DENTAL LA VAGUADA	C/ BERGAMÍN 41, 31004 CLÍNICA DENTAL LA VAGUADA
COCHECITOS PÉREZ I	C/ AMAYA 33, 31004 COCHECITOS PÉREZ I
COCHECITOS PÉREZ II	 POL. IND. NOAIN ESQUIROZ, C/O 6, 31110 COCHECITOS PÉREZ II
COCHECITOS PÉREZ III	C/ GARCÍA CASTAÑÓN 12, 31002 COCHECITOS PÉREZ III
COLCHONERÍA GORRICHO I	C/ BENJAMÍN DE TUDELA 8, 31008 COLCHONERÍA GORRICHO I
COLCHONERÍA GORRICHO II	C/ TAFALLA 26-BIS, 31003 COLCHONERÍA GORRICHO II
COLCHONERÍA SANCHO EL FUERTE	PZA. PRÍNCIPE DE VIANA 3, 31003 COLCHONERÍA SANCHO EL FUERTE
COMERCIAL ONENA	C/ AOIZ 37, 31004 COMERCIAL ONENA
CONFITURAS GOYA	C/ TAFALLA 28 (ESQUINA BERGAMÍN), 31003 CONFITURAS GOYA
CRISTAL	C/ CASTILLO DE MAYA 37, 31004 CRISTAL
CUADRADO	C/ CORTES DE NAVARRA 3, 31002 CUADRADO
CUCADAS	AVDA. CARLOS III 30, 31003 CUCADAS
DANA MODELS AGENCY	C/ OLITE 12, 31004 DANA MODELS AGENCY
DANIELI JOYEROS	C/ BERGAMÍN 7, 31003 DANIELI JOYEROS
DE BEAUMONT	C/ SANGÜESA 10, 31003 DE BEAUMONT
DEBOCA	C/ MONJARDÍN 9-11, 31006 DEBOCA
DECORACIÓN MARIA PURROY	C/ PAULINO CABALLERO 35, 31003 DECORACIÓN MARIA PURROY
DEJAVU MODELS	C/ AOIZ 18, 31004 DEJAVU MODELS
DESCANSO Y MASH	AVDA. CARLOS III 63 BAJO B, 31003 DESCANSO Y MASH
DEVORÉ	C/ ARRIETA 27, 31002 DEVORÉ
DOBLE A DE SCRAP	C/ ITURRALDE Y SUIT 15, 31004 DOBLE A DE SCRAP
DONDE SIEMPRE	C/ TEOBALDOS 1-3, 31002 DONDE SIEMPRE
DRESS	C/ GARCÍA XIMÉNEZ 4, 31002 DRESS
DSKRA2	C/ CORTES DE NAVARRA 3, 31002 DSKRA2
EGUZKILORE ARREGLOS DE ROPA	AVDA. BAJA NAVARRA 22, 31004 EGUZKILORE ARREGLOS DE ROPA
EL CALI	C/ AMAYA 18, 31004 EL CALI
EL COLMADO	C/ ITURRALDE Y SUIT 24, 31004 EL COLMADO
EL CORTE INGLÉS	C/ ESTELLA 9, 31002 EL CORTE INGLÉS
EL GOLOSO BARRA BRAVA	C/ AOIZ 12, 31004 EL GOLOSO BARRA BRAVA
EL PERRO VERDE	C/ TAFALLA 14, 31003 EL PERRO VERDE
EL SUPER DE LA REPARACIÓN Y EL MENAJE. ELECTRODOM.	C/ PAULINO CABALLERO 14, 31003 EL SUPER DE LA REPARACIÓN Y EL MENAJE. ELECTRODOM.
ELVIRA BLANCO	C/ ITURRALDE Y SUIT 15, 31004 ELVIRA BLANCO
ENZO BARI	C/ GARCÍA XIMÉNEZ 4, 31002 ENZO BARI
ESTACIÓN DE SERVICIO LEZKAIRU	 CARRETERA BADOSTAIN 2, 31006 ESTACIÓN DE SERVICIO LEZKAIRU
EVERS	C/ TAFALLA 16, 31004 EVERS
FACIAL CLINIQUE PAMPLONA	C/ BERGAMÍN 6, 31003 FACIAL CLINIQUE PAMPLONA
FARMACIA BASARTE	AVDA. CARLOS III 63, 31004 FARMACIA BASARTE
FARMACIA LOURDES ARRECHEA	AVDA. CONDE OLIVETO 1, 31003 FARMACIA LOURDES ARRECHEA
FARMACIA SIMÓN	AVDA. BAJA NAVARRA 11, 31002 FARMACIA SIMÓN
FARMACIA VENTURA	C/ TAFALLA 21, 31003 FARMACIA VENTURA
FAUNAPARAÍSO	C/ BERGAMÍN 33, 31003 FAUNAPARAÍSO
FERRAZ	C/ ESTELLA 6, 31002 FERRAZ
FERRETERÍA GUIBERT	PZA. MERINDADES 2, 31002 FERRETERÍA GUIBERT
FIDELTRONIC	C/ NAVARRO VILLOSLADA 1 BIS, 31003 FIDELTRONIC
FIDELTRONIC-TIEN 21	C/ BERGAMÍN 37, 31003 FIDELTRONIC-TIEN 21
FISIO MÉDICA ACTUAL	C/ AMAYA 21, 31004 FISIO MÉDICA ACTUAL
FLORISTERÍA EL ÁRBOL	C/ PAULINO CABALLERO 44, 31004 FLORISTERÍA EL ÁRBOL
FLORISTERÍA SAN FERMÍN	AVDA. GALICIA 1, 31003 FLORISTERÍA SAN FERMÍN
FOTO ESTUDIO TURGEL	C/ GORRITI 26, 31003 FOTO ESTUDIO TURGEL
FOTO GAMA	C/ BERGAMÍN 41, 31004 FOTO GAMA
FRITZ	C/ GORRITI 31, 31004 FRITZ
FUIG POLL	PZA. CONDE RODEZNO 11 - ENTREPLANTA - OFICINA 6, 31004 FUIG POLL
GASTEIZ	C/ NAVARRO VILLOSLADA 4, 31003 GASTEIZ
GENERAL ÓPTICA	AVDA. BAJA NAVARRA 2, 31003 GENERAL ÓPTICA
GLOW	C/ TAFALLA 20, 31003 GLOW
GORRICHO SISTEMAS DE DESCANSO	C/ YANGUAS Y MIRANDA 19, 31003 GORRICHO SISTEMAS DE DESCANSO
HALCÓN VIAJES	C/ PAULINO CABALLERO 14, 31003 HALCÓN VIAJES
HEBRA DECORACIÓN TEXTIL	C/ GARCÍA CASTAÑÓN 2, 31002 HEBRA DECORACIÓN TEXTIL
HERBORISTERÍA ECOTIENDA GOROSTI	C/ BERGAMÍN 15, 31003 HERBORISTERÍA ECOTIENDA GOROSTI
HIPERPAPELERÍA CARLIN PAMPLONA	C/ SANGÜESA 9, 31003 HIPERPAPELERÍA CARLIN PAMPLONA
IL CAFFÈ DI ROMA	AVDA. CARLOS III 51, 31004 IL CAFFÈ DI ROMA
INDA	C/ PAULINO CABALLERO 18, 31003 INDA
INÉS MODA INFANTIL	C/ BERGAMIN 7, 31003 INÉS MODA INFANTIL
INTERSPORT IRABIA I	AVDA. CONDE OLIVETO 5, 31003 INTERSPORT IRABIA I
INTERSPORT IRABIA II	C/ BENJAMÍN DE TUDELA 2, 31008 INTERSPORT IRABIA II
ÍNTIMO XARMANT	C/ SAN FERMÍN 10, 31004 ÍNTIMO XARMANT
J.M. EZCURDIA	C/ PAULINO CABALLERO 41, 31003 J.M. EZCURDIA
JAKOBITOS CARNICERÍA	C/ TAFALLA 23, 31003 JAKOBITOS CARNICERÍA
JAVIER ECHEVERRÍA JOYERO	AVDA. RONCESVALLES 6, 31002 JAVIER ECHEVERRÍA JOYERO
JOYEL	C/ GORRITI 37, 31004 JOYEL
JOYERÍA MUÑOZ	PZA. PRÍNCIPE DE VIANA 3, 31003 JOYERÍA MUÑOZ
JOYERÍA NANDO	AVDA. SAN IGNACIO 8, 31002 JOYERÍA NANDO
JOYERÍA P.J. OZCOIDI	AVDA. CARLOS III 13-15, 31002 JOYERÍA P.J. OZCOIDI
JOYERÍA RELOJERÍA CHUS EZPELETA	C/ TUDELA 3, 31002 JOYERÍA RELOJERÍA CHUS EZPELETA
JOYERÍA RELOJERÍA JESÚS GARCÍA	AVDA. BAJA NAVARRA 15, 31002 JOYERÍA RELOJERÍA JESÚS GARCÍA
JOYERÍA RUBÍ BASIC	AVDA. SAN IGNACIO 11, 31002 JOYERÍA RUBÍ BASIC
KERACONTACT - CENTRO NAVARRO DE LENTES DE CONTACTO	PZA. BLANCA DE NAVARRA 10, 31004 KERACONTACT - CENTRO NAVARRO DE LENTES DE CONTACTO
KIDE	C/ TAFALLA 33, 31003 KIDE
KILO ROPA	C/ TEOBALDOS 2, 31002 KILO ROPA
KOALA	C/ PAULINO CABALLERO 29, 31003 KOALA
LA BARBERÍA DE MAITE ARBEA	C/ ITURRALDE Y SUIT 1, 31004 LA BARBERÍA DE MAITE ARBEA
LA CASA DE LOS QUESOS	AVDA. CARLOS III 51 (ENTRADA  C/TAFALLA 15), 31004 LA CASA DE LOS QUESOS
LA HELADERÍA DE EL OBRADOR	PZA. PRÍNCIPE DE VIANA 4, 31003 LA HELADERÍA DE EL OBRADOR
LA MAR SALADA	C/ LEYRE 12, 31002 LA MAR SALADA
LA SILLA	C/ OLITE 4, 31002 LA SILLA
LANERA NAVARRA	C/ TAFALLA 14, 31004 LANERA NAVARRA
LAZARAU	C/ SAN FERMÍN 14 - ENTREPLANTA, 31003 LAZARAU
LE CARROUSEL	C/ SANGÜESA 4, 31003 LE CARROUSEL
LEONCE	C/ CASTILLO DE MAYA 44, 31003 LEONCE
LIBRERÍA EL PARNASILLO	C/ CASTILLO DE MAYA 45, 31003 LIBRERÍA EL PARNASILLO
LIBRERÍA WALDEN	C/ PAULINO CABALLERO 31, 31003 LIBRERÍA WALDEN
LOFT 47	C/ SAN FERMÍN 47, 31003 LOFT 47
LOLAS	C/ BERGAMÍN 15, 31003 LOLAS
M.2	AVDA. CARLOS III 48, 31004 M.2
MARIAN LÍNEA ÍNTIMA	C/ TAFALLA 14, 31004 MARIAN LÍNEA ÍNTIMA
MASSADA	C/ NAVARRO VILLOSLADA 15, 31003 MASSADA
MASSALIA	C/ BERGAMÍN 4, 31003 MASSALIA
MDM RELOJEROS	C/ GARCÍA XIMÉNEZ 3, 31002 MDM RELOJEROS
MEDICAL ÓPTICA	C/ ESTELLA 7, 31002 MEDICAL ÓPTICA
MENDI KIROLAK	C/ CASTILLO DE MAYA 45, 31003 MENDI KIROLAK
MOKA	C/ TAFALLA 16, 31004 MOKA
MONTIEL JOYERO	AVDA. CARLOS III 50, 31004 MONTIEL JOYERO
MOTHERCARE	C/ CASTILLO DE MAYA 39, 31003 MOTHERCARE
MUEBLES SASKIA	C/ ERROTAZAR 7, 31014 MUEBLES SASKIA
NAF NAF	C/ PADRE CALATAYUD 1, 31003 NAF NAF
NAPALI	 C.C. LA MOREA , 31191 NAPALI
NAVARRAVIVIENDAS.NET	PZA. CONDE RODEZNO 10, 31004 NAVARRAVIVIENDAS.NET
NECK & NECK	C/ GARCÍA XIMÉNEZ 4, 31002 NECK & NECK
NEXOR ASESORES	C/ LEYRE 4 - OFICINA C, 31002 NEXOR ASESORES
NOVOSOFT	PASEO SARASATE 19 - PLANTA 2, 31002 NOVOSOFT
OGIBERRI	AVDA. ZARAGOZA 2 (ESQUINA CON PZA PRÍNCIPE DE VIANA), 31003 OGIBERRI
ÓPTICA JULIO EZPELETA	C/ GARCÍA XIMÉNEZ 4, 31002 ÓPTICA JULIO EZPELETA
ÓPTICA NAVARRA	C/ BERGAMÍN 2 BIS, 31003 ÓPTICA NAVARRA
ÓPTICA VÍNCULO	PZA. DEL VÍNCULO S/N, 31002 ÓPTICA VÍNCULO
OPTILAB	C/ AMAYA 1, 31002 OPTILAB
ORLA	AVDA. PÍO XII 12, 31008 ORLA
P. CHOCARRO	C/ LEYRE 19, 31003 P. CHOCARRO
PABLOOCHOA.SHOES	AVDA. CARLOS III 47, 31004 PABLOOCHOA.SHOES
PANADERÍA TABERNA	C/ GARCÍA XIMÉNEZ 3, 31002 PANADERÍA TABERNA
PAPELERÍA SANCHO'S	PZA. BLANCA DE NAVARRA 9-10, 31004 PAPELERÍA SANCHO'S
PAPI, MAMI Y YO, 2.0	C/ TAFALLA 29, 31003 PAPI, MAMI Y YO, 2.0
PASTELERÍA BARSAN	C/ TAFALLA 15, 31004 PASTELERÍA BARSAN
PASTELERÍA EL OBRADOR	C/ AOIZ 12, 31004 PASTELERÍA EL OBRADOR
PASTELERÍA TORRANO	C/ CASTILLO DE MAYA 36, 31004 PASTELERÍA TORRANO
PEDALIER	PZA. BLANCA DE NAVARRA 4, 31004 PEDALIER
PEDRO BUENO BOUTIQUE	C/ BERGAMÍN 1 BIS, 31002 PEDRO BUENO BOUTIQUE
PEDRO BUENO JOYERO	C/ ARRIETA 18 (ANTIGUA BERGAMÍN, 3), 31002 PEDRO BUENO JOYERO
PELEGRIN JOYEROS	C/ BERGAMÍN 4, 31003 PELEGRIN JOYEROS
PELETERÍA GROENLANDIA	AVDA. BAJA NAVARRA 2, 31003 PELETERÍA GROENLANDIA
PERFUMERÍA GALLE I	AVDA. CARLOS III 45, 31004 PERFUMERÍA GALLE I
PERFUMERÍA GALLE II	C/ BERGAMÍN 5, 31002 PERFUMERÍA GALLE II
PERFUMERÍA JULIA	AVDA. CARLOS III 24, 31003 PERFUMERÍA JULIA
PIEDAD FIRMAS	C/ LEYRE 14, 31002 PIEDAD FIRMAS
PLAN B	C/ TAFALLA 21, 31004 PLAN B
PURROY DECORACIÓN	PZA. PRÍNCIPE DE VIANA 3, 31003 PURROY DECORACIÓN
RADIO FAR	AVDA. CONDE OLIVETO 2, 31002 RADIO FAR
RAMÓN RUBIO JOYERO	AVDA. SAN IGNACIO 9 BIS, 31002 RAMÓN RUBIO JOYERO
RECAMBIOS RYUM	C/ SANGÜESA 11, 31003 RECAMBIOS RYUM
RECREARTE	C/ SANDOVAL 6, 31002 RECREARTE
RESTAURANTE ALHAMBRA	C/ BERGAMÍN 7, 31003 RESTAURANTE ALHAMBRA
RESTAURANTE EL MERCAO	C/ TAFALLA 5-7, 31004 RESTAURANTE EL MERCAO
RESTAURANTE ENEKORRI	C/ TUDELA 14, 31003 RESTAURANTE ENEKORRI
RESTAURANTE SÍBARIS	C/ MONJARDÍN 12, 31004 RESTAURANTE SÍBARIS
SABOYA HOMBRE	AVDA. ZARAGOZA 7, 31003 SABOYA HOMBRE
SABOYA MUJER	C/ LEYRE 21, 31003 SABOYA MUJER
SAIDE CARLOS III	C/ CORTES DE NAVARRA 7, 31002 SAIDE CARLOS III
SAIDE OLITE	C/ OLITE 40, 31004 SAIDE OLITE
SALÓN DE BELLEZA GLORIA	AVDA. CARLOS III 13-15 (GALERÍA COMERCIAL), 31002 SALÓN DE BELLEZA GLORIA
SANTIVERI	AVDA. CARLOS III 13-15, 31002 SANTIVERI
SENSEBENE	C/ MONJARDÍN FRENTE Nº7, 31004 SENSEBENE
SKINC	C/ CASTILLO DE MAYA 38, 31004 SKINC
SKUNKFUNK	C/ ARRIETA 7, 31002 SKUNKFUNK
STORE STEAM	C/ NAVARRO VILLOSLADA 14, 31003 STORE STEAM
SUKOT	C/ PAULINO CABALLERO 10, 31003 SUKOT
TAPICERÍAS LOYSA	C/ PAULINO CABALLERO 8, 31002 TAPICERÍAS LOYSA
THE BODY SHOP	AVDA. CARLOS III 63, 31004 THE BODY SHOP
TIEMPO BADABUM	C/ CIPRIANO OLASO 4, 31004 TIEMPO BADABUM
TIPI	AVDA. CARLOS III 13-15, 31002 TIPI
TOCATEJA	C/ PAULINO CABALLERO 43, 31003 TOCATEJA
TODOCARTUCHO	C/ SANGÜESA 18, 31003 TODOCARTUCHO
TOUS	AVDA. CARLOS III 14, 31002 TOUS
TRES EN RAYA	C/ SANGÜESA 12, 31003 TRES EN RAYA
TURÓSOL	AVDA. CARLOS III 30 (ENTRADA POR C/ TAFALLA), 31003 TURÓSOL
ULLOA ÓPTICO	AVDA. SAN IGNACIO 12, 31002 ULLOA ÓPTICO
VAPEOS	C/ PAULINO CABALLERO 49, 31004 VAPEOS
VAPOR Y MÁS	C/ AMAYA 26, 31004 VAPOR Y MÁS
VENTANAS GORRITI	C/ GORRITI 22, 31004 VENTANAS GORRITI
VIAJES MARFIL	AVDA. CARLOS III 13-15, 31002 VIAJES MARFIL
VIAJES SARASATE	C/ SAN FERMÍN 37, 31003 VIAJES SARASATE
VILLA MIRANDA	C/ GARCÍA CASTAÑÓN 4, 31002 VILLA MIRANDA
YVES ROCHER	AVDA. CARLOS III 55, 31003 YVES ROCHER
ZAPATOS CARACOL	C/ PAULINO CABALLERO 46, 31004 ZAPATOS CARACOL
ZAPI	C/ NAVARRO VILLOSLADA 10, 31003 ZAPI

